{
	"info": {
		"_postman_id": "911acd1a-5699-4ca1-b39b-fae23633ceb4",
		"name": "ADT313 - MovieProjectAPI",
		"schema": "https://schema.getpostman.com/json/collection/v2.1.0/collection.json",
		"_exporter_id": "7549557"
	},
	"item": [
		{
			"name": "User",
			"item": [
				{
					"name": "Movie",
					"item": [
						{
							"name": "Get Movies",
							"request": {
								"method": "GET",
								"header": [],
								"url": {
									"raw": "localhost/movieproject-api/movies",
									"host": [
										"localhost"
									],
									"path": [
										"movieproject-api",
										"movies"
									]
								}
							},
							"response": []
						},
						{
							"name": "Get Movie by ID",
							"request": {
								"method": "GET",
								"header": [],
								"url": {
									"raw": "localhost/movieproject-api/movies/1",
									"host": [
										"localhost"
									],
									"path": [
										"movieproject-api",
										"movies",
										"1"
									]
								}
							},
							"response": []
						}
					]
				},
				{
					"name": "Photos",
					"item": [
						{
							"name": "Get photo by ID",
							"request": {
								"method": "GET",
								"header": []
							},
							"response": []
						}
					]
				},
				{
					"name": "Casts",
					"item": [
						{
							"name": "Get cast by ID",
							"request": {
								"method": "GET",
								"header": [],
								"url": {
									"raw": "localhost/movieproject-api/casts/1",
									"host": [
										"localhost"
									],
									"path": [
										"movieproject-api",
										"casts",
										"1"
									]
								}
							},
							"response": []
						}
					]
				},
				{
					"name": "Videos",
					"item": [
						{
							"name": "Get video by ID",
							"request": {
								"method": "GET",
								"header": [],
								"url": {
									"raw": "localhost/movieproject-api/videos/1",
									"host": [
										"localhost"
									],
									"path": [
										"movieproject-api",
										"videos",
										"1"
									]
								}
							},
							"response": []
						}
					]
				},
				{
					"name": "Register",
					"request": {
						"method": "POST",
						"header": [],
						"body": {
							"mode": "raw",
							"raw": "{  \n  \"email\":\"test@mail.com\", \n  \"password\":\"password\",\n  \"firstName\":\"string\",\n  \"middleName\":\"string\",\n  \"lastName\":\"string\",\n  \"contactNo\":\"string\"\n}",
							"options": {
								"raw": {
									"language": "json"
								}
							}
						},
						"url": {
							"raw": "localhost/movieproject-api/user/register",
							"host": [
								"localhost"
							],
							"path": [
								"movieproject-api",
								"user",
								"register"
							]
						}
					},
					"response": []
				},
				{
					"name": "Login",
					"request": {
						"method": "POST",
						"header": [],
						"body": {
							"mode": "raw",
							"raw": "{\n  \"email\": \"test@mail.com\",\n  \"password\": \"password\"\n}",
							"options": {
								"raw": {
									"language": "json"
								}
							}
						},
						"url": {
							"raw": "localhost/movieproject-api/user/login",
							"host": [
								"localhost"
							],
							"path": [
								"movieproject-api",
								"user",
								"login"
							]
						}
					},
					"response": []
				}
			]
		},
		{
			"name": "Admin",
			"item": [
				{
					"name": "Admin Movies",
					"item": [
						{
							"name": "Create using JSON",
							"request": {
								"auth": {
									"type": "bearer",
									"bearer": [
										{
											"key": "token",
											"value": "eyJ0eXAiOiJKV1QiLCJhbGciOiJIUzI1NiJ9.eyJ1c2VySWQiOjEsImVtYWlsIjoidGVzdEBtYWlsLmNvbSIsImZpcnN0TmFtZSI6InN0cmluZyIsIm1pZGRsZU5hbWUiOiJzdHJpbmciLCJsYXN0TmFtZSI6InN0cmluZyIsImNvbnRhY3RObyI6InN0cmluZyIsInJvbGUiOiJhZG1pbiJ9.w1z_-Gw1T92s9KmHH41lO493wYY1Mfts8doXn8cqSaM",
											"type": "string"
										}
									]
								},
								"method": "POST",
								"header": [],
								"body": {
									"mode": "raw",
									"raw": "{\n  \"tmdbId\": 125,\n  \"title\": \"Jollibee\",\n  \"overview\": \"Wrong item.\",\n  \"popularity\": 1,\n  \"releaseDate\":\"2003-05-23\",\n  \"voteAverage\": 5,\n  \"backdropPath\": \"https://image.tmdb.org/t/p/original/gdGIwCH9OS2w2USTKUlcTppXfXz.jpg\",\n  \"posterPath\": \"https://image.tmdb.org/t/p/original/3XJKBKh9Km89EoUEitVTSnrlAkZ.jpg\",\n  \"isFeatured\": 0\n}",
									"options": {
										"raw": {
											"language": "json"
										}
									}
								},
								"url": {
									"raw": "localhost/movieproject-api/movies",
									"host": [
										"localhost"
									],
									"path": [
										"movieproject-api",
										"movies"
									]
								}
							},
							"response": []
						},
						{
							"name": "Patch using JSON",
							"request": {
								"auth": {
									"type": "bearer",
									"bearer": [
										{
											"key": "token",
											"value": "eyJ0eXAiOiJKV1QiLCJhbGciOiJIUzI1NiJ9.eyJzdWIiOjEsImVtYWlsIjoidGVzdEBtYWlsLmNvbSIsImZpcnN0TmFtZSI6InN0cmluZyIsIm1pZGRsZU5hbWUiOiJzdHJpbmciLCJsYXN0TmFtZSI6InN0cmluZyIsImNvbnRhY3RObyI6InN0cmluZyIsInJvbGUiOiJ1c2VyIn0.A5_7mar20IU3bNBxnBAO2iV9hxvLjJQFrhwNCH1gBZo\"",
											"type": "string"
										}
									]
								},
								"method": "PATCH",
								"header": [],
								"body": {
									"mode": "raw",
									"raw": "{\n  \"tmdbId\": 310,\n  \"title\": \"Bruce Almighty\",\n  \"overview\": \"Bruce Nolan toils as a \\\"human interest\\\" television reporter in Buffalo, NY, but despite his high ratings and the love of his beautiful girlfriend, Bruce remains unfulfilled. At the end of the worst day in his life, he angrily ridicules God - and the Almighty responds, endowing Bruce with all of His divine powers.\",\n  \"popularity\": 57.52,\n  \"releaseDate\":\"2003-05-23\",\n  \"voteAverage\": 6.715,\n  \"backdropPath\": \"https://image.tmdb.org/t/p/original//gdGIwCH9OS2w2USTKUlcTppXfXz.jpg\",\n  \"posterPath\": \"https://image.tmdb.org/t/p/original//3XJKBKh9Km89EoUEitVTSnrlAkZ.jpg\",\n  \"isFeatured\": 1\n}",
									"options": {
										"raw": {
											"language": "json"
										}
									}
								},
								"url": {
									"raw": "localhost/movieproject-api/movies/0",
									"host": [
										"localhost"
									],
									"path": [
										"movieproject-api",
										"movies",
										"0"
									]
								}
							},
							"response": []
						},
						{
							"name": "Update using POST",
							"request": {
								"auth": {
									"type": "bearer",
									"bearer": [
										{
											"key": "token",
											"value": "eyJ0eXAiOiJKV1QiLCJhbGciOiJIUzI1NiJ9.eyJzdWIiOjEsImVtYWlsIjoidGVzdEBtYWlsLmNvbSIsImZpcnN0TmFtZSI6InN0cmluZyIsIm1pZGRsZU5hbWUiOiJzdHJpbmciLCJsYXN0TmFtZSI6InN0cmluZyIsImNvbnRhY3RObyI6InN0cmluZyIsInJvbGUiOiJ1c2VyIn0.A5_7mar20IU3bNBxnBAO2iV9hxvLjJQFrhwNCH1gBZo\"",
											"type": "string"
										}
									]
								},
								"method": "POST",
								"header": [],
								"body": {
									"mode": "formdata",
									"formdata": [
										{
											"key": "tmdbId",
											"value": "310",
											"type": "text"
										},
										{
											"key": "title",
											"value": "Bruce Almightyx",
											"type": "text"
										},
										{
											"key": "overview",
											"value": "\"Bruce Nolan toils as a \"human interest\" television reporter in Buffalo, NY, but despite his high ratings and the love of his beautiful girlfriend, Bruce remains unfulfilled. At the end of the worst day in his life, he angrily ridicules God - and the Almighty responds, endowing Bruce with all of His divine powers.",
											"type": "text"
										},
										{
											"key": "popularity",
											"value": "57.52",
											"type": "text"
										},
										{
											"key": "releaseDate",
											"value": "2003-05-23",
											"type": "text"
										},
										{
											"key": "voteAverage",
											"value": "6.715",
											"type": "text"
										},
										{
											"key": "isFeatured",
											"value": "false",
											"type": "text"
										},
										{
											"key": "backdropPath",
											"type": "file",
											"src": "/Users/clouduser/Downloads/backdrop.jpg"
										},
										{
											"key": "posterPath",
											"type": "file",
											"src": "/Users/clouduser/Downloads/poster.jpg",
											"disabled": true
										}
									]
								},
								"url": {
									"raw": "localhost/movieproject-api/movies/1",
									"host": [
										"localhost"
									],
									"path": [
										"movieproject-api",
										"movies",
										"1"
									]
								}
							},
							"response": []
						},
						{
							"name": "Patch using Post",
							"request": {
								"auth": {
									"type": "bearer",
									"bearer": [
										{
											"key": "token",
											"value": "eyJ0eXAiOiJKV1QiLCJhbGciOiJIUzI1NiJ9.eyJzdWIiOjEsImVtYWlsIjoidGVzdEBtYWlsLmNvbSIsImZpcnN0TmFtZSI6InN0cmluZyIsIm1pZGRsZU5hbWUiOiJzdHJpbmciLCJsYXN0TmFtZSI6InN0cmluZyIsImNvbnRhY3RObyI6InN0cmluZyIsInJvbGUiOiJ1c2VyIn0.A5_7mar20IU3bNBxnBAO2iV9hxvLjJQFrhwNCH1gBZo\"",
											"type": "string"
										}
									]
								},
								"method": "POST",
								"header": [],
								"body": {
									"mode": "formdata",
									"formdata": [
										{
											"key": "tmdbId",
											"value": "310",
											"type": "text"
										},
										{
											"key": "title",
											"value": "Bruce Almighty",
											"type": "text"
										},
										{
											"key": "overview",
											"value": "\"Bruce Nolan toils as a \"human interest\" television reporter in Buffalo, NY, but despite his high ratings and the love of his beautiful girlfriend, Bruce remains unfulfilled. At the end of the worst day in his life, he angrily ridicules God - and the Almighty responds, endowing Bruce with all of His divine powers.",
											"type": "text"
										},
										{
											"key": "popularity",
											"value": "57.52",
											"type": "text"
										},
										{
											"key": "releaseDate",
											"value": "2003-05-23",
											"type": "text"
										},
										{
											"key": "voteAverage",
											"value": "6.715",
											"type": "text"
										},
										{
											"key": "isFeatured",
											"value": "false",
											"type": "text"
										},
										{
											"key": "backdropPath",
											"type": "file",
											"src": "/Users/clouduser/Downloads/backdrop.jpg"
										},
										{
											"key": "posterPath",
											"type": "file",
											"src": "/Users/clouduser/Downloads/poster.jpg"
										}
									]
								},
								"url": {
									"raw": "localhost/movieproject-api/movies",
									"host": [
										"localhost"
									],
									"path": [
										"movieproject-api",
										"movies"
									]
								}
							},
							"response": []
						},
						{
							"name": "Get Movies",
							"request": {
								"auth": {
									"type": "bearer",
									"bearer": [
										{
											"key": "token",
											"value": "eyJ0eXAiOiJKV1QiLCJhbGciOiJIUzI1NiJ9.eyJ1c2VySWQiOjEsImVtYWlsIjoidGVzdEBtYWlsLmNvbSIsImZpcnN0TmFtZSI6InN0cmluZyIsIm1pZGRsZU5hbWUiOiJzdHJpbmciLCJsYXN0TmFtZSI6InN0cmluZyIsImNvbnRhY3RObyI6InN0cmluZyIsInJvbGUiOiJhZG1pbiJ9.w1z_-Gw1T92s9KmHH41lO493wYY1Mfts8doXn8cqSaM",
											"type": "string"
										}
									]
								},
								"method": "GET",
								"header": [],
								"url": {
									"raw": "localhost/movieproject-api/admin/movies",
									"host": [
										"localhost"
									],
									"path": [
										"movieproject-api",
										"admin",
										"movies"
									]
								}
							},
							"response": []
						},
						{
							"name": "Get Movie by ID",
							"request": {
								"auth": {
									"type": "bearer",
									"bearer": [
										{
											"key": "token",
											"value": "eyJ0eXAiOiJKV1QiLCJhbGciOiJIUzI1NiJ9.eyJ1c2VySWQiOjEsImVtYWlsIjoidGVzdEBtYWlsLmNvbSIsImZpcnN0TmFtZSI6InN0cmluZyIsIm1pZGRsZU5hbWUiOiJzdHJpbmciLCJsYXN0TmFtZSI6InN0cmluZyIsImNvbnRhY3RObyI6InN0cmluZyIsInJvbGUiOiJhZG1pbiJ9.w1z_-Gw1T92s9KmHH41lO493wYY1Mfts8doXn8cqSaM",
											"type": "string"
										}
									]
								},
								"method": "GET",
								"header": [],
								"url": {
									"raw": "localhost/movieproject-api/admin/movies/38",
									"host": [
										"localhost"
									],
									"path": [
										"movieproject-api",
										"admin",
										"movies",
										"38"
									]
								}
							},
							"response": []
						},
						{
							"name": "Delete Movie by ID",
							"request": {
								"auth": {
									"type": "bearer",
									"bearer": [
										{
											"key": "token",
											"value": "eyJ0eXAiOiJKV1QiLCJhbGciOiJIUzI1NiJ9.eyJ1c2VySWQiOjEsImVtYWlsIjoidGVzdEBtYWlsLmNvbSIsImZpcnN0TmFtZSI6InN0cmluZyIsIm1pZGRsZU5hbWUiOiJzdHJpbmciLCJsYXN0TmFtZSI6InN0cmluZyIsImNvbnRhY3RObyI6InN0cmluZyIsInJvbGUiOiJhZG1pbiJ9.w1z_-Gw1T92s9KmHH41lO493wYY1Mfts8doXn8cqSaM",
											"type": "string"
										}
									]
								},
								"method": "DELETE",
								"header": [],
								"url": {
									"raw": "localhost/movieproject-api/admin/movies/1",
									"host": [
										"localhost"
									],
									"path": [
										"movieproject-api",
										"admin",
										"movies",
										"1"
									]
								}
							},
							"response": []
						}
					]
				},
				{
					"name": "Casts",
					"item": [
						{
							"name": "Get cast by ID",
							"request": {
								"auth": {
									"type": "bearer",
									"bearer": [
										{
											"key": "token",
											"value": "eyJ0eXAiOiJKV1QiLCJhbGciOiJIUzI1NiJ9.eyJ1c2VySWQiOjEsImVtYWlsIjoidGVzdEBtYWlsLmNvbSIsImZpcnN0TmFtZSI6InN0cmluZyIsIm1pZGRsZU5hbWUiOiJzdHJpbmciLCJsYXN0TmFtZSI6InN0cmluZyIsImNvbnRhY3RObyI6InN0cmluZyIsInJvbGUiOiJhZG1pbiJ9.w1z_-Gw1T92s9KmHH41lO493wYY1Mfts8doXn8cqSaM",
											"type": "string"
										}
									]
								},
								"method": "GET",
								"header": [],
								"url": {
									"raw": "localhost/movieproject-api/admin/casts/1",
									"host": [
										"localhost"
									],
									"path": [
										"movieproject-api",
										"admin",
										"casts",
										"1"
									]
								}
							},
							"response": []
						},
						{
							"name": "Create Casts",
							"request": {
								"auth": {
									"type": "bearer",
									"bearer": [
										{
											"key": "token",
											"value": "eyJ0eXAiOiJKV1QiLCJhbGciOiJIUzI1NiJ9.eyJ1c2VySWQiOjEsImVtYWlsIjoidGVzdEBtYWlsLmNvbSIsImZpcnN0TmFtZSI6InN0cmluZyIsIm1pZGRsZU5hbWUiOiJzdHJpbmciLCJsYXN0TmFtZSI6InN0cmluZyIsImNvbnRhY3RObyI6InN0cmluZyIsInJvbGUiOiJ1c2VyIn0.D-Q2rYdQe9UWDu1HWAg_i1Hg48J-tyglpXZgiAQYTl0",
											"type": "string"
										}
									]
								},
								"method": "POST",
								"header": [],
								"body": {
									"mode": "formdata",
									"formdata": [
										{
											"key": "userId",
											"value": "1",
											"type": "text"
										},
										{
											"key": "movieId",
											"value": "38",
											"type": "text"
										},
										{
											"key": "url",
											"value": "https://image.tmdb.org/t/p/original/3bOGNsHlrswhyW79uvIHH1V43JI.jp",
											"type": "text"
										},
										{
											"key": "characterName",
											"value": "Steve Rogers / Captain America",
											"type": "text"
										},
										{
											"key": "name",
											"value": "Chris Evans",
											"type": "text"
										}
									]
								},
								"url": {
									"raw": "localhost/movieproject-api/admin/casts",
									"host": [
										"localhost"
									],
									"path": [
										"movieproject-api",
										"admin",
										"casts"
									]
								}
							},
							"response": []
						},
						{
							"name": "Create casts JSON",
							"request": {
								"auth": {
									"type": "bearer",
									"bearer": [
										{
											"key": "token",
											"value": "eyJ0eXAiOiJKV1QiLCJhbGciOiJIUzI1NiJ9.eyJ1c2VySWQiOjEsImVtYWlsIjoidGVzdEBtYWlsLmNvbSIsImZpcnN0TmFtZSI6InN0cmluZyIsIm1pZGRsZU5hbWUiOiJzdHJpbmciLCJsYXN0TmFtZSI6InN0cmluZyIsImNvbnRhY3RObyI6InN0cmluZyIsInJvbGUiOiJ1c2VyIn0.D-Q2rYdQe9UWDu1HWAg_i1Hg48J-tyglpXZgiAQYTl0",
											"type": "string"
										}
									]
								},
								"method": "POST",
								"header": [],
								"body": {
									"mode": "raw",
									"raw": "{\n    \"userId\": 1,\n    \"movieId\": 38,\n    \"name\": \"Robert Downey Jr.\",\n    \"characterName\": \"Tony Stark / Iron Man\",\n    \"url\":\"https://image.tmdb.org/t/p/original/5qHNjhtjMD4YWH3UP0rm4tKwxCL.jpg\"\n}",
									"options": {
										"raw": {
											"language": "json"
										}
									}
								},
								"url": {
									"raw": "localhost/movieproject-api/admin/casts",
									"host": [
										"localhost"
									],
									"path": [
										"movieproject-api",
										"admin",
										"casts"
									]
								}
							},
							"response": []
						}
					]
				},
				{
					"name": "Photos",
					"item": [
						{
							"name": "Get photo by ID",
							"request": {
								"method": "GET",
								"header": [],
								"url": {
									"raw": "localhost/movieproject-api/admin/photos/1",
									"host": [
										"localhost"
									],
									"path": [
										"movieproject-api",
										"admin",
										"photos",
										"1"
									]
								}
							},
							"response": []
						},
						{
							"name": "Create photo",
							"request": {
								"auth": {
									"type": "bearer",
									"bearer": [
										{
											"key": "token",
											"value": "eyJ0eXAiOiJKV1QiLCJhbGciOiJIUzI1NiJ9.eyJ1c2VySWQiOjEsImVtYWlsIjoidGVzdEBtYWlsLmNvbSIsImZpcnN0TmFtZSI6InN0cmluZyIsIm1pZGRsZU5hbWUiOiJzdHJpbmciLCJsYXN0TmFtZSI6InN0cmluZyIsImNvbnRhY3RObyI6InN0cmluZyIsInJvbGUiOiJ1c2VyIn0.D-Q2rYdQe9UWDu1HWAg_i1Hg48J-tyglpXZgiAQYTl0",
											"type": "string"
										}
									]
								},
								"method": "POST",
								"header": [],
								"body": {
									"mode": "formdata",
									"formdata": [
										{
											"key": "userId",
											"value": "1",
											"type": "text"
										},
										{
											"key": "movieId",
											"value": "1",
											"type": "text"
										},
										{
											"key": "image",
											"type": "file",
											"src": "/Users/clouduser/Downloads/poster.jpg"
										},
										{
											"key": "description",
											"value": "test",
											"type": "text"
										}
									]
								},
								"url": {
									"raw": "localhost/movieproject-api/admin/photos",
									"host": [
										"localhost"
									],
									"path": [
										"movieproject-api",
										"admin",
										"photos"
									]
								}
							},
							"response": []
						},
						{
							"name": "Create photo JSON",
							"request": {
								"auth": {
									"type": "bearer",
									"bearer": [
										{
											"key": "token",
											"value": "eyJ0eXAiOiJKV1QiLCJhbGciOiJIUzI1NiJ9.eyJ1c2VySWQiOjEsImVtYWlsIjoidGVzdEBtYWlsLmNvbSIsImZpcnN0TmFtZSI6InN0cmluZyIsIm1pZGRsZU5hbWUiOiJzdHJpbmciLCJsYXN0TmFtZSI6InN0cmluZyIsImNvbnRhY3RObyI6InN0cmluZyIsInJvbGUiOiJ1c2VyIn0.D-Q2rYdQe9UWDu1HWAg_i1Hg48J-tyglpXZgiAQYTl0",
											"type": "string"
										}
									]
								},
								"method": "POST",
								"header": [],
								"body": {
									"mode": "raw",
									"raw": "{\n    \"userId\": 1,\n    \"movieId\": 38,\n    \"url\":\"https://image.tmdb.org/t/p/original/mDfJG3LC3Dqb67AZ52x3Z0jU0uB.jpg\",\n    \"description\":\"Test Description\"\n}"
								},
								"url": {
									"raw": "localhost/movieproject-api/admin/photos",
									"host": [
										"localhost"
									],
									"path": [
										"movieproject-api",
										"admin",
										"photos"
									]
								}
							},
							"response": []
						}
					]
				},
				{
					"name": "Videos",
					"item": [
						{
							"name": "Get video by ID",
							"request": {
								"method": "GET",
								"header": [],
								"url": {
									"raw": "localhost/movieproject-api/admin/videos/1",
									"host": [
										"localhost"
									],
									"path": [
										"movieproject-api",
										"admin",
										"videos",
										"1"
									]
								}
							},
							"response": []
						},
						{
							"name": "Create video",
							"request": {
								"auth": {
									"type": "bearer",
									"bearer": [
										{
											"key": "token",
											"value": "eyJ0eXAiOiJKV1QiLCJhbGciOiJIUzI1NiJ9.eyJ1c2VySWQiOjEsImVtYWlsIjoidGVzdEBtYWlsLmNvbSIsImZpcnN0TmFtZSI6InN0cmluZyIsIm1pZGRsZU5hbWUiOiJzdHJpbmciLCJsYXN0TmFtZSI6InN0cmluZyIsImNvbnRhY3RObyI6InN0cmluZyIsInJvbGUiOiJ1c2VyIn0.D-Q2rYdQe9UWDu1HWAg_i1Hg48J-tyglpXZgiAQYTl0",
											"type": "string"
										}
									]
								},
								"method": "POST",
								"header": [],
								"body": {
									"mode": "formdata",
									"formdata": [
										{
											"key": "userId",
											"value": "1",
											"type": "text"
										},
										{
											"key": "movieId",
											"value": "38",
											"type": "text"
										},
										{
											"key": "url",
											"value": "https://www.youtube.com/embed/PARfU2Vi694",
											"type": "text"
										},
										{
											"key": "name",
											"value": "Avengers vs Ebony Maw & Cull Obsidian | Avengers Infinity War (2018) IMAX Movie Clip HD 4K",
											"type": "text"
										},
										{
											"key": "site",
											"value": "Youtube",
											"type": "text"
										},
										{
											"key": "videoKey",
											"value": "PARfU2Vi694",
											"type": "text"
										},
										{
											"key": "videoType",
											"value": "Clip",
											"type": "text"
										},
										{
											"key": "official",
											"value": "0",
											"type": "text"
										}
									]
								},
								"url": {
									"raw": "localhost/movieproject-api/admin/videos",
									"host": [
										"localhost"
									],
									"path": [
										"movieproject-api",
										"admin",
										"videos"
									]
								}
							},
							"response": []
						},
						{
							"name": "Create video JSON",
							"request": {
								"auth": {
									"type": "bearer",
									"bearer": [
										{
											"key": "token",
											"value": "eyJ0eXAiOiJKV1QiLCJhbGciOiJIUzI1NiJ9.eyJ1c2VySWQiOjEsImVtYWlsIjoidGVzdEBtYWlsLmNvbSIsImZpcnN0TmFtZSI6InN0cmluZyIsIm1pZGRsZU5hbWUiOiJzdHJpbmciLCJsYXN0TmFtZSI6InN0cmluZyIsImNvbnRhY3RObyI6InN0cmluZyIsInJvbGUiOiJ1c2VyIn0.D-Q2rYdQe9UWDu1HWAg_i1Hg48J-tyglpXZgiAQYTl0",
											"type": "string"
										}
									]
								},
								"method": "POST",
								"header": [],
								"body": {
									"mode": "raw",
									"raw": "{\n    \"userId\": 1,\n    \"movieId\": 38,\n    \"url\":\"https://www.youtube.com/embed/49xWJJvpjzI\",\n    \"name\":\"Thor Arrives In Wakanda Scene - Avengers Infinity War (2018) Movie CLIP 4K ULTRA HD\",\n    \"site\":\"YouTube\",\n    \"videoType\":\"Clip\",\n    \"videoKey\":\"49xWJJvpjzI\",\n    \"official\":0\n}"
								},
								"url": {
									"raw": "localhost/movieproject-api/admin/videos",
									"host": [
										"localhost"
									],
									"path": [
										"movieproject-api",
										"admin",
										"videos"
									]
								}
							},
							"response": []
						}
					]
				},
				{
					"name": "Register",
					"request": {
						"method": "POST",
						"header": [],
						"body": {
							"mode": "raw",
							"raw": "{  \n  \"email\":\"test@mail.com\", \n  \"password\":\"password\",\n  \"firstName\":\"string\",\n  \"middleName\":\"string\",\n  \"lastName\":\"string\",\n  \"contactNo\":\"string\"\n}",
							"options": {
								"raw": {
									"language": "json"
								}
							}
						},
						"url": {
							"raw": "localhost/movieproject-api/admin/register",
							"host": [
								"localhost"
							],
							"path": [
								"movieproject-api",
								"admin",
								"register"
							]
						}
					},
					"response": []
				},
				{
					"name": "Login",
					"request": {
						"method": "POST",
						"header": [],
						"body": {
							"mode": "raw",
							"raw": "{\n  \"email\": \"test@mail.com\",\n  \"password\": \"password\"\n}",
							"options": {
								"raw": {
									"language": "json"
								}
							}
						},
						"url": {
							"raw": "localhost/movieproject-api/admin/login",
							"host": [
								"localhost"
							],
							"path": [
								"movieproject-api",
								"admin",
								"login"
							]
						}
					},
					"response": []
				}
			]
		}
	]
}